{"options":{"awareOfChrome":false,"comment":null,"compat_arrayleft":false,"compat_foreach":false,"compat_forvarin":false,"compat_metadata":false,"compat_uW_gmonkey":false,"compat_wrappedjsobject":false,"compatopts_for_requires":true,"noframes":null,"override":{"merge_connects":true,"merge_excludes":true,"merge_includes":true,"merge_matches":true,"orig_connects":[],"orig_excludes":[],"orig_includes":["/^.*\\.bilibili\\.(tv|com|cn)\\/(video|search|sp).*$/","/^.*bilibili\\.kankanews\\.com\\/(video|search|sp).*$/","/http://www.bilibili.com/(#page=*)?/","http://www.bilibili.com/bangumi/*","http://bangumi.bilibili.com/anime/v/*","http://search.bilibili.com*"],"orig_matches":[],"orig_noframes":null,"orig_run_at":"document-idle","use_blockers":[],"use_connects":["bilibili.com"],"use_excludes":[],"use_includes":[],"use_matches":[]},"run_at":null,"check_for_updates":true},"settings":{"enabled":true,"position":2},"meta":{"name":"bili_fix_player","uuid":"599429fa-ad51-4bb5-9e31-1c5fc33c544a","modified":1478964139607}}