{"options":{"awareOfChrome":false,"comment":null,"compat_arrayleft":false,"compat_foreach":false,"compat_forvarin":false,"compat_metadata":false,"compat_uW_gmonkey":false,"compat_wrappedjsobject":false,"compatopts_for_requires":true,"noframes":null,"override":{"merge_connects":true,"merge_excludes":true,"merge_includes":true,"merge_matches":true,"orig_connects":[],"orig_excludes":["http://*xunlei*","http://*.acfun.tv*","http://*tieba*","http://*qq*","http://*taobao*","http://*tmall*","http://*jd.com*","http://*sina*","http://*weibo*","http://*youku*","http://*baidu*","http://*google*","http://*163.com*","http://*chdbits.org*"],"orig_includes":["http://*t66y*","http://*184*","http://*shenyingwang*","http://*cl*","http://*c1*","http://*1024*","http://*caoliu*"],"orig_matches":[],"orig_noframes":null,"orig_run_at":"document-idle","use_blockers":[],"use_connects":[],"use_excludes":[],"use_includes":[],"use_matches":[]},"run_at":null,"check_for_updates":true},"settings":{"enabled":true,"position":11},"meta":{"name":"CL1024","uuid":"c441da0b-cf2b-4de8-a18e-6cc10f15cbd2","modified":1460873410195,"file_url":"http://userscripts.org/scripts/source/151695.user.js"}}