{"options":{"awareOfChrome":false,"comment":null,"compat_arrayleft":false,"compat_foreach":false,"compat_forvarin":false,"compat_metadata":false,"compat_uW_gmonkey":false,"compat_wrappedjsobject":false,"compatopts_for_requires":true,"noframes":null,"override":{"merge_connects":true,"merge_excludes":true,"merge_includes":true,"merge_matches":true,"orig_connects":[],"orig_excludes":[],"orig_includes":["http://www.douyu.com/*","https://www.douyu.com/*"],"orig_matches":[],"orig_noframes":null,"orig_run_at":"document-idle","use_blockers":[],"use_connects":[],"use_excludes":[],"use_includes":[],"use_matches":[]},"run_at":null,"check_for_updates":true},"settings":{"enabled":true,"position":15},"meta":{"name":"douyuTools","uuid":"4148f068-0866-4ea0-982a-b9ebc7c5001e","modified":1488635631552,"file_url":"https://greasyfork.org/scripts/18613-douyutools/code/douyuTools.user.js"}}