{"options":{"awareOfChrome":false,"comment":null,"compat_arrayleft":false,"compat_foreach":false,"compat_forvarin":false,"compat_metadata":false,"compat_uW_gmonkey":false,"compat_wrappedjsobject":false,"compatopts_for_requires":true,"noframes":null,"override":{"merge_connects":true,"merge_excludes":true,"merge_includes":true,"merge_matches":true,"orig_connects":[],"orig_excludes":[],"orig_includes":["http://g.e-hentai.org/*","http://exhentai.org/*","https://exhentai.org/*"],"orig_matches":[],"orig_noframes":null,"orig_run_at":"document-start","use_blockers":[],"use_connects":[],"use_excludes":[],"use_includes":[],"use_matches":[]},"run_at":null,"check_for_updates":true},"settings":{"enabled":true,"position":5},"meta":{"name":"E-Hentai Automated Downloads","uuid":"0f5fc136-1310-4b54-88d2-2f69c8046bbf","modified":1493909785542}}