{"options":{"awareOfChrome":false,"comment":null,"compat_arrayleft":false,"compat_foreach":false,"compat_forvarin":false,"compat_metadata":false,"compat_uW_gmonkey":false,"compat_wrappedjsobject":false,"compatopts_for_requires":true,"noframes":null,"override":{"merge_connects":true,"merge_excludes":true,"merge_includes":true,"merge_matches":true,"orig_connects":[],"orig_excludes":[],"orig_includes":["*://exhentai.org/*","*://ul.exhentai.org/*","*://g.e-hentai.org/*"],"orig_matches":[],"orig_noframes":null,"orig_run_at":"document-idle","use_blockers":[],"use_connects":[],"use_excludes":[],"use_includes":[],"use_matches":[]},"run_at":null,"check_for_updates":true},"settings":{"enabled":true,"position":19},"meta":{"name":"Ex绅士界面汉化","uuid":"ea39711d-c0e1-4663-b539-93f93ea52cc4","modified":1493906556075,"file_url":"https://sleazyfork.org/scripts/6038-ex%E7%BB%85%E5%A3%AB%E7%95%8C%E9%9D%A2%E6%B1%89%E5%8C%96/code/Ex%E7%BB%85%E5%A3%AB%E7%95%8C%E9%9D%A2%E6%B1%89%E5%8C%96.user.js"}}