{"options":{"awareOfChrome":false,"check_for_updates":true,"comment":null,"compat_arrayleft":false,"compat_foreach":false,"compat_forvarin":false,"compat_metadata":false,"compat_uW_gmonkey":false,"compat_wrappedjsobject":false,"compatopts_for_requires":true,"noframes":null,"override":{"merge_connects":true,"merge_excludes":true,"merge_includes":true,"merge_matches":true,"orig_connects":[],"orig_excludes":[],"orig_includes":["http://www.google.*/webhp?*","http://www.google.*/search?*","http://www.google.*/ig?*","http://www.google.*/","http://www.google.*/#*","https://www.google.*/webhp?*","https://www.google.*/search?*","https://www.google.*/ig?*","https://www.google.*/","https://www.google.*/#*","https://encrypted.google.*/webhp?*","https://encrypted.google.*/search?*","https://encrypted.google.*/ig?*","https://encrypted.google.*/","https://encrypted.google.*/#*"],"orig_matches":[],"orig_noframes":null,"orig_run_at":"document-idle","use_blockers":[],"use_connects":[],"use_excludes":[],"use_includes":[],"use_matches":[]},"run_at":null},"settings":{"enabled":true,"position":23},"meta":{"name":"GoogleMonkeyR","uuid":"732a7259-b4c0-4a44-a8ff-3a353db0b1c6","modified":1501519833541,"file_url":"https://greasyfork.org/scripts/2978-googlemonkeyr/code/GoogleMonkeyR.user.js"}}