{"options":{"awareOfChrome":false,"comment":null,"compat_arrayleft":false,"compat_foreach":false,"compat_forvarin":false,"compat_metadata":false,"compat_uW_gmonkey":false,"compat_wrappedjsobject":false,"compatopts_for_requires":true,"noframes":null,"override":{"merge_connects":true,"merge_excludes":true,"merge_includes":true,"merge_matches":true,"orig_connects":[],"orig_excludes":[],"orig_includes":["http://bangumi.tv/subject/*","http://bgm.tv/subject/*","http://chii.in/subject/*"],"orig_matches":[],"orig_noframes":null,"orig_run_at":"document-idle","use_blockers":[],"use_connects":[],"use_excludes":[],"use_includes":[],"use_matches":[]},"run_at":null,"check_for_updates":true},"settings":{"enabled":true,"position":7},"meta":{"name":"Read Books @Bangumi","uuid":"4f063ef1-9b31-4700-92c9-457b2fff24f3","modified":1460872769475}}