{"options":{"awareOfChrome":false,"comment":null,"compat_arrayleft":false,"compat_foreach":false,"compat_forvarin":false,"compat_metadata":false,"compat_uW_gmonkey":false,"compat_wrappedjsobject":false,"compatopts_for_requires":true,"noframes":null,"override":{"merge_connects":true,"merge_excludes":true,"merge_includes":true,"merge_matches":true,"orig_connects":[],"orig_excludes":["http*://mail.google.com/*","http*://maps.google*","http*://www.google.com/reader*","http*://www.google.com/calendar*","https://docs.google.com/*","http*://app.yinxiang.com/*","http*://www.dropbox.com/*","http*://www.toodledo.com/*","https://www.tokyotosho.info/*","http*://www.wumii.com/*","http://pan.baidu.com/*","http://yun.baidu.com/*","http://*cloud.vip.xunlei.com/*","http://www.cnbeta.com/*","http://www.youku.com/","http://v.youku.com/*","http://www.iqiyi.com/*","http://cloud.feedly.com/*","http://openapi.qzone.qq.com/*","http://weibo.com/*"],"orig_includes":["http://*","https://*"],"orig_matches":[],"orig_noframes":null,"orig_run_at":"document-idle","use_blockers":[],"use_connects":[],"use_excludes":[],"use_includes":[],"use_matches":[]},"run_at":null,"check_for_updates":true},"settings":{"enabled":true,"position":10},"meta":{"name":"Super_preloader++","uuid":"033976d2-d3f8-4532-8017-d7bd93463d19","modified":1496123112577,"file_url":"https://userscripts.org/scripts/source/464811.user.js"}}