{"options":{"awareOfChrome":false,"comment":null,"compat_arrayleft":false,"compat_foreach":false,"compat_forvarin":false,"compat_metadata":false,"compat_uW_gmonkey":false,"compat_wrappedjsobject":false,"compatopts_for_requires":true,"noframes":null,"override":{"merge_connects":true,"merge_excludes":true,"merge_includes":true,"merge_matches":true,"orig_connects":[],"orig_excludes":[],"orig_includes":["http*://greasyfork.org/scripts*","http*://greasyfork.org/*/scripts*","http*://userscripts.org*/scripts*","http*://userscripts-mirror.org*/scripts*","http*://www.webextender.net*/scripts*"],"orig_matches":[],"orig_noframes":null,"orig_run_at":"document-end","use_blockers":[],"use_connects":[],"use_excludes":[],"use_includes":["https://openuserjs.org/"],"use_matches":[]},"run_at":null,"check_for_updates":true},"settings":{"enabled":false,"position":1},"meta":{"name":"userscripts 只显示中文","uuid":"7c43764f-a0ce-4345-9519-088641b232e5","modified":1460872393692}}