{"options":{"awareOfChrome":false,"check_for_updates":true,"comment":null,"compat_arrayleft":false,"compat_foreach":false,"compat_forvarin":false,"compat_metadata":false,"compat_uW_gmonkey":false,"compat_wrappedjsobject":false,"compatopts_for_requires":true,"noframes":null,"override":{"merge_connects":true,"merge_excludes":true,"merge_includes":true,"merge_matches":true,"orig_connects":[],"orig_excludes":[],"orig_includes":["http://www.verycd.com/topics/*"],"orig_matches":[],"orig_noframes":null,"orig_run_at":"document-idle","use_blockers":[],"use_connects":["www.verycd.gdajie.com","www.ed2kers.com","zhannei.baidu.com"],"use_excludes":[],"use_includes":[],"use_matches":[]},"run_at":null},"settings":{"enabled":true,"position":13},"meta":{"name":"verycd补全下载链接【修改版】","uuid":"28c5ea3c-8c66-4f9a-a1f5-39246d06e9db","modified":1493905507769,"file_url":"https://greasyfork.org/scripts/22964-verycd%E8%A1%A5%E5%85%A8%E4%B8%8B%E8%BD%BD%E9%93%BE%E6%8E%A5-%E4%BF%AE%E6%94%B9%E7%89%88/code/verycd%E8%A1%A5%E5%85%A8%E4%B8%8B%E8%BD%BD%E9%93%BE%E6%8E%A5%E3%80%90%E4%BF%AE%E6%94%B9%E7%89%88%E3%80%91.user.js"}}