{"options":{"awareOfChrome":false,"check_for_updates":true,"comment":null,"compat_arrayleft":false,"compat_foreach":false,"compat_forvarin":false,"compat_metadata":false,"compat_uW_gmonkey":false,"compat_wrappedjsobject":false,"compatopts_for_requires":true,"noframes":null,"override":{"merge_connects":true,"merge_excludes":true,"merge_includes":true,"merge_matches":true,"orig_connects":["tts.baidu.com"],"orig_excludes":[],"orig_includes":["http*://www.hacg.*/wordpress/*","http*://hacg.*/wordpress/*","http*://www.hacg.*/wp/*","http*://hacg.*/wp/*","http*://www.hacg.lol/*","http*://hacg.lol/*","http*://hacg.riwee.com/*","http*://hacg.me/*","http*://hacg.in/*","http*://hacg.be/*","http*://hacg.club/*","http*://hacg.li/*","http*://hacg.fi/*","http*://hacg.red/*","http*://hacg.la/*","http*://hacg.tw/*","http*://hacg.at/*","http*://hacg.ch/*","http*://llss.*","http*://www.llss.*","http*://www.acgpy.com/*","http*://blog.reimu.net/*","http*://pan.baidu.com/share/*","http*://pan.baidu.com/s/*","http*://sexacg.com/*","http*://www.acg.tf/*","http*://acg.tf/*","http*://www.moxacg.com/*","http*://moxacg.*","http*://*.acggj.com/*","http*://acg12.com/*","http*://*.acg12.com/*","http*://www.acgnz.cc/*","http*://nacg.me/*","http*://www.tianshit.com/*","http*://www.oomoe.moe/*","http*://www.kaze5.com/*","http*://www.acg15.com/*","http*://www.acglover.top/*","http*://lifanmoe.com/*","http*://www.idanmu.*","http*://*.sijihuisuo.club/*","http*://sijihuisuo.club/*","http*://acg18.us/*","http*://*.acg18.us/*","http*://*.acg44.com/*","http*://zuiacg.*","http*://www.zuiacg.*","http*://www.galacg.me/*","http*://cangku.in/*","http*://www.mhecy.com/*","http*://acgzone.org/*","http*://www.acgzone.org/*","http*://uraban.me/*","http*://www.uraban.me/*","http*://acgmoon.*","http*://www.jiyue.*","http*://www.moe-acg.*/*","http*://huan.moe*","http*://www.mygalgame.com/*","http*://htai.*","http*://gmgard.com/*","http*://*.gmgard.com/*","http*://www.kou.moe/*","http*://www.91moe.com/*","http*://cefamilie.com/*","http*://yui-nya.com/*","http*://www.l-sj.cc/*","http*://htacg.cc/*","http*://www.htacg.cc/*","http*://www.xiu.moe/*","http*://www.cld1.net/*","http*://sjhs*.*","http*://www.dakashangche.*","http*://sleazyfork.org/*/scripts/*","http*://greasyfork.org/*/scripts/*","http*://sleazyfork.org/*/forum/*discussion*","http*://greasyfork.org/*/forum/*discussion*"],"orig_matches":[],"orig_noframes":null,"orig_run_at":"document-end","use_blockers":[],"use_connects":[],"use_excludes":[],"use_includes":[],"use_matches":[]},"run_at":null},"settings":{"enabled":true,"position":18},"meta":{"name":"琉神转","uuid":"1751c77d-f4db-451d-a3f7-cb75f08328c8","modified":1503334922274,"file_url":"https://sleazyfork.org/scripts/23316-%E7%90%89%E7%A5%9E%E8%BD%89/code/%E7%90%89%E7%A5%9E%E8%BD%89.user.js"}}