{"options":{"awareOfChrome":false,"comment":null,"compat_arrayleft":false,"compat_foreach":false,"compat_forvarin":false,"compat_metadata":false,"compat_uW_gmonkey":false,"compat_wrappedjsobject":false,"compatopts_for_requires":true,"noframes":null,"override":{"merge_connects":true,"merge_excludes":true,"merge_includes":true,"merge_matches":true,"orig_connects":[],"orig_excludes":[],"orig_includes":["http://www.xiami.com/download/*"],"orig_matches":[],"orig_noframes":null,"orig_run_at":"document-end","use_blockers":[],"use_connects":[],"use_excludes":[],"use_includes":[],"use_matches":[]},"run_at":null,"check_for_updates":true},"settings":{"enabled":true,"position":9},"meta":{"name":"虾米音乐助手","uuid":"ccb05a62-b540-405b-97c7-6675eef5b112","modified":1478963378264,"file_url":"https://greasyfork.org/scripts/987-%E8%99%BE%E7%B1%B3%E9%9F%B3%E4%B9%90%E5%8A%A9%E6%89%8B/code/%E8%99%BE%E7%B1%B3%E9%9F%B3%E4%B9%90%E5%8A%A9%E6%89%8B.user.js"}}